S.N.,Date,Total Transactions,Total Traded Shares,Total Traded Amount,Max. Price,Min. Price,Close Price
1,2021-12-29,2493,76179.00,525580504.30,7000.00,6830.00,6870.00
2,2021-12-28,1146,38340.00,263943527.10,6950.00,6700.00,6918.00
3,2021-12-27,1165,31083.00,214119301.50,6998.00,6750.00,6799.00
4,2021-12-26,1416,38601.00,266652685.40,6950.00,6830.00,6932.00
5,2021-12-23,2165,52323.00,362484836.80,7195.00,6795.00,6800.00
6,2021-12-22,3142,98023.00,683450652.10,7040.00,6528.00,7000.00
7,2021-12-21,719,22573.00,145869420.50,6616.00,6361.70,6400.00
8,2021-12-20,1065,30878.00,186641138.00,6237.00,5601.00,6237.00
9,2021-12-16,309,9712.00,54727323.00,5750.00,5520.00,5670.00
10,2021-12-15,749,22545.00,127848765.50,5774.00,5510.00,5720.00
11,2021-12-14,300,7850.00,42451365.50,5538.00,5250.00,5538.00
12,2021-12-13,712,22727.00,120826450.30,5497.00,5235.00,5239.00
13,2021-12-12,421,11768.00,65632437.10,5795.00,5490.00,5500.00
14,2021-12-09,433,15793.00,88552205.20,5710.00,5501.00,5689.90
15,2021-12-08,624,16576.00,94612442.50,5880.00,5600.00,5650.00
16,2021-12-07,423,12636.00,75504320.00,6100.00,5860.00,5897.00
17,2021-12-06,858,25700.00,149712433.50,6083.00,5701.00,5990.00
18,2021-12-05,954,28518.00,172299631.90,6310.00,5940.00,5960.00
19,2021-12-02,685,18586.00,117919022.50,6597.00,6250.00,6295.00
20,2021-12-01,328,16168.00,105133064.10,6598.00,6465.00,6475.00
21,2021-11-30,493,15804.00,102364922.00,6700.00,6444.00,6497.00
22,2021-11-29,332,11363.00,75332736.00,6785.00,6551.00,6580.00
23,2021-11-28,394,13393.00,89451123.00,6780.00,6630.00,6665.00
24,2021-11-25,120,3995.00,27142530.00,6883.00,6660.00,6813.00
25,2021-11-24,226,6292.00,42463069.20,6850.00,6680.00,6819.00
26,2021-11-23,265,8917.00,60638951.80,6889.00,6750.00,6800.00
27,2021-11-22,176,5496.00,37666124.00,6945.00,6828.00,6869.00
28,2021-11-21,192,6710.00,45830095.00,6987.00,6780.00,6829.00
29,2021-11-18,317,9820.00,67303367.60,6966.00,6800.20,6810.00
30,2021-11-17,298,10450.00,72800996.70,7085.00,6854.20,6901.00
31,2021-11-16,278,9340.00,64567010.40,6994.00,6800.00,6994.00
32,2021-11-15,304,13023.00,89831187.00,7000.00,6825.00,6839.00
33,2021-11-14,388,13961.00,95735074.50,6910.00,6801.00,6820.00
34,2021-11-11,558,15307.00,105191642.00,7000.00,6763.00,6910.00
35,2021-11-09,610,16449.00,114986207.40,7125.60,6895.00,6900.00
36,2021-11-08,210,9120.00,65509592.50,7269.00,7110.00,7130.00
37,2021-11-03,440,18314.00,131798833.80,7269.00,7133.00,7174.00
38,2021-11-02,389,12089.00,85366974.00,7160.00,6976.00,7101.00
39,2021-11-01,509,13902.00,98844852.70,7307.00,7000.00,7098.00
40,2021-10-31,884,32122.00,229399889.40,7259.00,6892.00,7164.00
41,2021-10-28,289,7805.00,53450262.00,6872.00,6770.00,6847.00
42,2021-10-27,468,14981.00,103336597.50,6960.00,6810.00,6866.00
43,2021-10-26,492,16965.00,116197358.90,6900.00,6790.00,6900.00
44,2021-10-25,346,9944.00,67247754.80,6810.00,6597.00,6790.00
45,2021-10-24,257,7015.00,46718360.60,6772.00,6620.00,6635.00
46,2021-10-21,302,9478.00,63283280.30,6755.00,6600.00,6640.00
47,2021-10-20,341,11689.00,78146189.00,6834.00,6600.00,6688.00
48,2021-10-19,517,13964.00,91150411.50,6630.00,6480.00,6525.00
49,2021-10-18,460,14344.00,96534056.50,6868.00,6670.00,6685.00
50,2021-10-17,255,11039.00,75350743.00,6980.00,6738.00,6899.00
51,2021-10-11,750,25225.00,169241317.50,7090.00,6500.00,6885.00
52,2021-10-10,693,19489.00,132539332.60,6996.00,6681.00,6690.00
53,2021-10-06,551,21990.00,147534079.10,6859.00,6510.00,6859.00
54,2021-10-05,390,11395.00,73409983.50,6520.00,6301.00,6501.00
55,2021-10-04,504,16297.00,102996839.00,6490.00,6225.00,6301.00
56,2021-10-03,709,20771.00,133610910.00,6525.00,6375.00,6400.10
57,2021-09-30,448,14931.00,98465820.90,6665.00,6511.00,6521.00
58,2021-09-29,673,28430.00,185919465.00,6605.00,6450.00,6591.00
59,2021-09-28,876,26449.00,173848989.80,6700.00,6493.00,6500.00
60,2021-09-27,452,19357.00,129218760.60,6750.00,6630.00,6682.00
61,2021-09-26,425,13279.00,89961173.40,6900.00,6715.00,6763.00
62,2021-09-23,638,23102.00,159195446.30,7050.00,6790.00,6836.00
63,2021-09-22,591,22671.00,154889649.00,6923.00,6740.00,6841.00
64,2021-09-21,970,30373.00,201936171.00,6800.00,6500.00,6660.00
65,2021-09-20,966,33932.00,225589771.50,6800.00,6600.00,6645.00
66,2021-09-16,1064,30395.00,204390507.70,6829.00,6621.00,6760.00
67,2021-09-15,530,18811.00,129640820.00,7000.00,6835.00,6870.00
68,2021-09-14,449,14033.00,98910705.50,7185.00,6970.00,7000.00
69,2021-09-13,750,25144.00,180762001.20,7343.00,7070.00,7100.00
70,2021-09-12,703,28796.00,200169446.40,7200.00,6650.00,7200.00
71,2021-09-09,476,12831.00,86483952.40,6849.00,6650.00,6781.00
72,2021-09-08,654,17026.00,115520001.20,6900.00,6750.00,6755.00
73,2021-09-07,689,20123.00,139190045.90,7180.00,6800.00,6910.00
74,2021-09-06,1101,39344.00,268896313.50,7071.00,6533.00,7055.00
75,2021-09-05,1499,45799.00,301962475.40,6790.00,6500.00,6650.00
76,2021-09-02,863,29636.00,201079290.70,7074.70,6700.00,6748.00
77,2021-09-01,1047,34193.00,233676927.60,6925.00,6750.00,6800.00
78,2021-08-31,1907,72241.00,492313883.70,6997.00,6750.00,6790.00
79,2021-08-29,1305,48510.00,342199724.10,7300.00,6966.00,6996.00
80,2021-08-26,830,27554.00,197742959.00,7290.00,7080.00,7200.00
81,2021-08-25,954,32846.00,237298268.60,7325.00,7155.00,7171.00
82,2021-08-24,788,26000.00,191990845.50,7505.00,7325.00,7350.00
83,2021-08-19,677,23871.00,179425068.50,7655.00,7401.00,7480.00
84,2021-08-18,1033,32643.00,245842463.50,7680.00,7450.00,7535.00
85,2021-08-17,1353,45672.00,351954588.70,7938.00,7500.00,7624.00
86,2021-08-16,1325,55978.00,406959489.70,7475.00,7050.00,7474.00
87,2021-08-15,2775,114302.00,792542831.50,7119.00,6680.00,7045.00
88,2021-08-12,327,11421.00,75973029.00,6720.00,6526.80,6645.00
89,2021-08-11,284,9798.00,65254014.00,6730.00,6610.10,6660.00
90,2021-08-10,475,22304.00,148073600.50,6710.00,6600.00,6650.00
91,2021-08-09,329,14752.00,98730522.30,6749.00,6670.00,6675.00
92,2021-08-08,306,11518.00,77585810.00,6825.00,6705.00,6749.00
93,2021-08-05,481,14696.00,98416482.50,6737.00,6650.00,6699.00
94,2021-08-04,554,16039.00,109366973.30,6899.00,6738.00,6755.00
95,2021-08-03,607,29101.00,195916023.00,6833.00,6520.00,6815.00
96,2021-08-02,637,20234.00,135325376.80,6785.00,6543.00,6650.00
97,2021-08-01,703,29342.00,192369975.60,6650.00,6350.00,6600.00
98,2021-07-29,1354,45643.00,294437230.70,6645.00,6375.00,6440.00
99,2021-07-28,922,27798.00,185306706.50,6845.00,6518.00,6594.00
100,2021-07-27,1233,47120.00,303091786.60,6600.00,6000.00,6588.00
101,2021-07-26,1533,55482.00,335652909.20,6120.00,5900.00,6110.00
102,2021-07-25,689,25302.00,146797023.00,5850.00,5586.10,5838.00
103,2021-07-22,377,20833.00,118643016.10,5720.00,5650.00,5700.00
104,2021-07-20,323,15681.00,88868572.00,5750.00,5640.00,5669.00
105,2021-07-19,513,23812.00,135840254.00,5800.00,5650.00,5665.00
106,2021-07-18,620,42363.00,240173646.50,5731.00,5540.00,5700.00
107,2021-07-15,424,24161.00,133201014.00,5585.00,5413.00,5512.00
108,2021-07-14,405,36175.00,197257113.00,5550.00,5400.00,5487.00
109,2021-07-13,413,21481.00,118746911.00,5579.00,5442.00,5498.00
110,2021-07-12,804,40760.00,226160498.00,5659.00,5467.00,5500.00
111,2021-07-11,571,31450.00,176268769.00,5801.00,5535.00,5605.00
112,2021-07-08,568,31884.00,174648955.00,5534.00,5376.00,5525.00
113,2021-07-07,702,42637.00,235377145.00,5673.00,5451.00,5462.00
114,2021-07-06,1195,62542.00,358902745.00,5898.00,5601.00,5636.00
115,2021-07-05,1763,74216.00,412089732.00,5740.00,5260.00,5685.00
116,2021-07-04,576,26027.00,136469511.00,5285.00,5160.00,5263.00
117,2021-07-01,272,19149.00,98854876.00,5200.00,5131.00,5150.00
118,2021-06-30,311,17070.00,86458896.00,5130.00,5025.00,5110.00
119,2021-06-29,336,19589.00,100139420.00,5200.00,5077.00,5099.00
120,2021-06-28,332,16762.00,87180829.00,5235.00,5170.00,5190.00
121,2021-06-27,421,25001.00,129313056.00,5215.00,5100.00,5155.00
122,2021-06-24,406,16464.00,83906234.00,5195.00,5041.00,5099.00
123,2021-06-23,592,30891.00,159427490.00,5300.00,5093.00,5116.00
124,2021-06-22,651,31149.00,160786252.00,5279.00,5016.00,5235.00
125,2021-06-21,1056,48419.00,248746930.00,5300.00,5050.00,5079.00
126,2021-06-20,996,46803.00,246693646.00,5470.00,5176.00,5260.00
127,2021-06-17,1012,44989.00,242157044.00,5465.00,5300.00,5390.00
128,2021-06-16,1946,101045.00,555753642.00,5788.00,5194.00,5389.00
129,2021-06-15,1626,72941.00,420322461.00,5916.00,5500.00,5738.00
130,2021-06-14,1771,93750.00,502931850.00,5509.00,5021.00,5495.00
131,2021-06-13,1188,53303.00,264823610.00,5060.00,4855.00,5009.00
132,2021-06-10,710,31661.00,154462199.00,4970.00,4801.00,4880.00
133,2021-06-09,1609,68771.00,332931555.00,5020.00,4670.00,4830.00
134,2021-06-08,622,36822.00,169443424.00,4670.00,4534.00,4631.00
135,2021-06-07,379,41340.00,187547394.00,4570.00,4515.00,4560.00
136,2021-06-06,278,20517.00,92647023.00,4750.00,4500.00,4540.00
137,2021-06-03,270,13536.00,61349360.00,4600.00,4500.00,4530.00
138,2021-06-02,309,17291.00,77563938.00,4475.00,4385.00,4540.00
139,2021-06-01,329,13680.00,60327475.00,4475.00,4385.00,4398.00
140,2021-05-31,469,23160.00,103727432.00,4550.00,4430.00,4432.00
141,2021-05-30,405,18683.00,84563394.00,4640.00,4490.00,4510.00
142,2021-05-27,599,25659.00,115905720.00,4725.00,4420.00,4501.00
143,2021-05-25,330,15154.00,68305256.00,4542.00,4490.00,4500.00
144,2021-05-24,266,15647.00,70791056.00,4579.00,4500.00,4529.00
145,2021-05-23,427,24809.00,111953299.00,4580.00,4467.00,4514.00
146,2021-05-20,441,21336.00,96629606.00,4614.00,4500.00,4508.00
147,2021-05-19,395,20224.00,93153421.00,4660.00,4566.00,4570.00
148,2021-05-18,520,40747.00,188195851.00,4689.00,4591.00,4632.00
149,2021-05-17,407,17986.00,83411380.00,4710.00,4600.00,4625.00
150,2021-05-16,665,34350.00,160071025.00,4700.00,4360.00,4643.00
151,2021-05-13,329,13607.00,61832550.00,4750.00,4522.00,4535.00
152,2021-05-12,365,15597.00,70636889.00,4600.00,4489.00,4530.00
153,2021-05-11,341,16015.00,73380827.00,4600.00,4563.00,4563.00
154,2021-05-10,584,31551.00,143197790.00,4580.00,4466.00,4563.00
155,2021-05-09,704,53587.00,241396406.00,4609.00,4431.00,4466.00
156,2021-05-06,349,14011.00,63495519.00,4700.00,4514.00,4521.00
157,2021-05-05,407,21998.00,101116279.00,4660.00,4565.00,4565.00
158,2021-05-04,397,29374.00,135998699.00,4680.00,4592.00,4630.00
159,2021-05-03,641,31781.00,148379325.00,4740.00,4603.00,4620.00
160,2021-05-02,946,46294.00,212353155.00,4645.00,4430.00,4638.00
161,2021-04-29,443,22052.00,97896395.00,4490.00,4357.00,4465.00
162,2021-04-28,354,18536.00,80888406.00,4425.00,4290.00,4350.00
163,2021-04-27,395,25577.00,108669386.00,4350.00,4113.00,4325.00
164,2021-04-26,495,31960.00,132124462.00,4269.00,4075.00,4113.00
165,2021-04-25,352,17534.00,74234174.00,4334.00,4180.00,4201.00
166,2021-04-22,267,11063.00,47593224.00,4335.00,4230.00,4334.00
167,2021-04-21,250,12367.00,53322526.00,4400.00,4280.00,4289.00
168,2021-04-20,212,9931.00,43410767.00,4420.00,4330.00,4363.00
169,2021-04-19,295,12836.00,56277896.00,4444.00,4347.00,4360.00
170,2021-04-18,425,22744.00,101767523.00,4547.00,4400.00,4435.00
171,2021-04-15,633,35540.00,160570196.00,4570.00,4380.00,4488.00
172,2021-04-13,252,9910.00,43725740.00,4440.00,4360.00,4427.00
173,2021-04-12,291,16697.00,72875626.00,4437.00,4330.00,4401.00
174,2021-04-08,269,15760.00,69019468.00,4450.00,4341.00,4360.00
175,2021-04-07,450,19418.00,86703952.00,4630.00,4400.00,4410.00
176,2021-04-06,974,50602.00,221837643.00,4530.00,4240.00,4453.00
177,2021-04-05,278,27615.00,116563679.00,4403.00,4170.00,4275.00
178,2021-04-04,276,14743.00,62014018.00,4250.00,4190.00,4194.00
179,2021-04-01,315,18243.00,77458673.00,4334.00,4191.00,4241.00
180,2021-03-31,228,13854.00,58035963.00,4220.00,4160.00,4216.00
181,2021-03-30,185,10300.00,42752136.00,4195.00,4115.00,4135.00
182,2021-03-29,293,23147.00,95253160.00,4230.00,4100.00,4118.00
183,2021-03-25,332,17269.00,72076659.00,4238.00,4121.00,4150.00
184,2021-03-24,331,17564.00,73888039.00,4279.00,4150.00,4168.00
185,2021-03-23,348,15437.00,63933733.00,4190.00,4118.00,4135.00
186,2021-03-22,409,16933.00,71783244.00,4376.00,4190.00,4190.00
187,2021-03-21,616,28368.00,121089935.00,4335.00,4195.00,4299.00
188,2021-03-18,440,17447.00,72516204.00,4205.00,4090.00,4150.00
189,2021-03-17,299,13172.00,52900429.00,4085.00,3905.00,4070.00
190,2021-03-16,218,9359.00,36997519.00,3999.00,3901.00,3946.00
191,2021-03-15,251,13442.00,53328609.00,4110.00,3879.00,3931.00
192,2021-03-14,497,20301.00,80325512.00,4100.00,3920.00,3955.00
193,2021-03-10,261,15070.00,60948010.00,4100.00,3980.00,4080.00
194,2021-03-09,270,11386.00,46522808.00,4174.00,4050.00,4061.00
195,2021-03-07,455,24505.00,103023063.00,4300.00,4141.00,4150.00
196,2021-03-04,652,27567.00,114278855.00,4259.00,4000.00,4190.00
197,2021-03-03,623,35542.00,139914985.00,4039.00,3890.00,3939.00
198,2021-03-02,801,41381.00,165974644.00,4150.00,3925.00,3980.00
199,2021-03-01,569,24742.00,101908150.00,4210.00,4001.00,4138.00
200,2021-02-28,632,34771.00,144553050.00,4300.00,4095.00,4101.00
201,2021-02-25,662,29638.00,126356701.00,4398.00,4015.00,4250.00
202,2021-02-24,307,14097.00,61616924.00,4569.00,4282.00,4311.00
203,2021-02-23,692,33891.00,146014817.00,4390.00,4240.00,4352.00
204,2021-02-22,417,33001.00,146297694.00,4525.00,4385.00,4403.00
205,2021-02-21,473,27149.00,121823612.00,4575.00,4380.00,4519.00
206,2021-02-18,347,19801.00,87753151.00,4480.00,4380.00,4428.00
207,2021-02-17,481,31899.00,140964630.00,4500.00,4380.00,4418.00
208,2021-02-16,868,60211.00,269472836.00,4637.00,4410.00,4450.00
209,2021-02-15,385,19921.00,90499443.00,4680.00,4435.00,4590.00
210,2021-02-14,749,34548.00,150410195.00,4460.00,4316.00,4350.00
211,2021-02-11,768,30356.00,136760922.00,4650.00,4361.00,4451.00
212,2021-02-10,536,24618.00,113537126.00,4740.00,4580.00,4590.00
213,2021-02-09,688,46469.00,216473450.00,4750.00,4612.00,4660.00
214,2021-02-08,929,46959.00,223200898.00,4900.00,4695.00,4700.00
215,2021-02-07,1476,109690.00,531749797.00,4990.00,4753.00,4814.00
216,2021-02-04,565,29592.00,144759482.00,5010.00,4671.00,4940.00
217,2021-02-03,287,26794.00,129005530.00,4898.00,4760.00,4800.00
218,2021-02-02,306,15780.00,76237190.00,4870.00,4797.00,4833.00
219,2021-02-01,324,21535.00,103213473.00,4885.00,4760.00,4800.00
220,2021-01-31,669,45746.00,217302849.00,4950.00,4653.00,4734.00
221,2021-01-28,985,67885.00,321044315.00,4849.00,4420.00,4800.00
222,2021-01-27,295,20002.00,88339632.00,4440.00,4379.00,4409.00
223,2021-01-26,236,14715.00,65123728.00,4488.00,4380.00,4381.00
224,2021-01-25,374,25492.00,113517186.00,4500.00,4420.00,4429.00
225,2021-01-24,318,21903.00,96979733.00,4500.00,4397.00,4420.00
226,2021-01-21,271,21089.00,92703773.00,4420.00,4362.00,4395.00
227,2021-01-20,227,15228.00,66580586.00,4500.00,4313.00,4358.00
228,2021-01-19,310,39903.00,173331639.00,4420.00,4320.00,4391.00
229,2021-01-18,378,21971.00,97434892.00,4590.00,4360.00,4394.00
230,2021-01-17,454,27907.00,122494095.00,4475.00,4290.00,4465.00
231,2021-01-13,401,28468.00,121085889.00,4320.00,4171.00,4320.00
232,2021-01-12,221,12601.00,52487661.00,4195.00,4146.00,4170.00
233,2021-01-11,433,26572.00,111471098.00,4300.00,4129.00,4175.00
234,2021-01-10,468,30230.00,130494510.00,4386.00,4235.00,4250.00
235,2021-01-07,729,48512.00,201765726.00,4246.00,3980.00,4192.00
236,2021-01-06,521,40378.00,155185333.00,3927.00,3744.00,3905.00
237,2021-01-05,508,28128.00,106165586.00,3860.00,3725.00,3744.00
238,2021-01-04,1093,58230.00,230573284.00,4228.00,3822.00,3850.00
239,2021-01-03,45,11710.00,45332600.00,3872.00,3695.00,3872.00
240,2020-12-31,1635,87349.00,468818917.00,5607.00,5221.00,5280.00
241,2020-12-30,1080,57929.00,286713942.00,5098.00,4675.00,5098.00
242,2020-12-29,576,43542.00,200813104.00,4700.00,4425.00,4635.00
243,2020-12-28,355,18649.00,82324704.00,4500.00,4391.00,4420.00
244,2020-12-27,420,24045.00,107190188.00,4569.00,4400.00,4500.00
245,2020-12-24,350,17661.00,80233896.00,4650.00,4486.00,4549.00
246,2020-12-23,380,32249.00,149372032.00,4800.00,4588.00,4635.00
247,2020-12-22,617,43201.00,204964728.00,4870.00,4655.00,4670.00
248,2020-12-21,1215,59059.00,270043098.00,4780.00,4244.00,4682.00
249,2020-12-20,1096,79832.00,380163335.00,4840.00,4312.00,4560.00
250,2020-12-17,467,38437.00,167518717.00,4462.00,4250.00,4400.00
251,2020-12-16,410,30194.00,130917771.00,4427.00,4201.00,4375.00
252,2020-12-15,668,35810.00,154079683.00,4450.00,4165.00,4280.00
253,2020-12-14,641,37000.00,165292964.00,4635.00,4350.00,4398.00
254,2020-12-13,997,70994.00,306582077.00,4445.00,4079.00,4415.00
255,2020-12-10,636,46150.00,180074521.00,4079.00,3661.00,4045.00
256,2020-12-09,282,18340.00,68235193.00,3899.00,3626.00,3709.00
257,2020-12-08,321,19375.00,74614257.00,4000.00,3775.00,3849.00
258,2020-12-07,603,36812.00,136411779.00,3849.00,3500.00,3820.00
259,2020-12-06,582,35736.00,135291306.00,3976.00,3600.00,3602.00
260,2020-12-03,497,31212.00,127728072.00,4299.00,3990.00,4000.00
261,2020-12-02,645,56585.00,224671325.00,4070.00,3700.00,4070.00
262,2020-12-01,417,36458.00,135877563.00,3810.00,3651.00,3700.00
263,2020-11-30,514,39022.00,144813856.00,3845.00,3597.00,3771.00
264,2020-11-29,707,66087.00,238940934.00,3700.00,3480.00,3600.00
265,2020-11-26,849,60827.00,221264135.00,3740.00,3548.00,3575.00
266,2020-11-25,614,31162.00,115875458.00,3768.00,3526.00,3675.00
267,2020-11-24,840,62026.00,209478275.00,3426.00,3200.00,3426.00
268,2020-11-23,861,97604.00,289707279.00,3130.00,2780.00,3115.00
269,2020-11-22,1006,92844.00,265599487.00,3074.00,2800.00,2846.00
270,2020-11-19,1113,92818.00,270753539.00,2928.00,2795.00,2928.00
271,2020-11-18,277,33535.00,89151975.00,2662.00,2541.00,2662.00
272,2020-11-12,674,86814.00,214913977.00,2533.00,2420.00,2420.00
273,2020-11-11,650,78642.00,188640696.00,2498.00,2300.00,2479.00
274,2020-11-10,562,91668.00,208348811.00,2320.00,2170.00,2278.00
275,2020-11-09,717,59929.00,133678276.00,2299.00,2170.00,2190.00
276,2020-11-08,783,75723.00,159681663.00,2161.00,2000.00,2161.00
277,2020-11-05,418,51908.00,100295664.00,1975.00,1852.00,1965.00
278,2020-11-04,63,7390.00,13908876.00,1890.00,1871.00,1884.00
279,2020-11-03,60,4703.00,8822165.00,1889.00,1870.00,1875.00
280,2020-11-02,74,7763.00,14600752.00,1890.00,1867.00,1876.00
281,2020-11-01,73,11425.00,21501215.00,1899.00,1875.00,1877.00
282,2020-10-29,105,15854.00,29885863.00,1902.00,1857.00,1875.00
283,2020-10-28,66,6783.00,12668910.00,1873.00,1850.00,1869.00
284,2020-10-22,63,9993.00,18327531.00,1850.00,1825.00,1843.00
285,2020-10-21,49,3985.00,7315090.00,1845.00,1826.00,1827.00
286,2020-10-20,43,2668.00,4878773.00,1834.00,1820.00,1831.00
287,2020-10-19,67,5646.00,10261913.00,1840.00,1810.00,1820.00
288,2020-10-15,100,8202.00,14930299.00,1911.00,1804.00,1808.00
289,2020-10-14,128,12366.00,22568947.00,1838.00,1813.00,1820.00
290,2020-10-13,111,10285.00,18856955.00,1855.00,1816.00,1822.00
291,2020-10-12,101,10435.00,19313063.00,1864.00,1837.00,1839.00
292,2020-10-11,118,11855.00,22174495.00,1895.00,1855.00,1855.00
293,2020-10-08,197,26867.00,50937194.00,1930.00,1875.00,1879.00
294,2020-10-07,127,25491.00,47877810.00,1900.00,1860.00,1875.00
295,2020-10-06,140,10480.00,19670183.00,1905.00,1860.00,1875.00
296,2020-10-05,459,47052.00,90536507.00,1948.00,1897.00,1898.00
297,2020-10-04,581,63746.00,119766236.00,1920.00,1820.00,1909.00
298,2020-10-01,91,10138.00,18318250.00,1825.00,1782.00,1820.00
299,2020-09-30,70,4498.00,8005985.00,1861.00,1764.00,1774.00
300,2020-09-29,134,14229.00,25454750.00,1820.00,1773.00,1773.00
301,2020-09-28,110,16104.00,28905915.00,1806.00,1787.00,1790.00
302,2020-09-27,75,7509.00,13611116.00,1830.00,1805.00,1807.00
303,2020-09-24,104,9969.00,18053928.00,1820.00,1805.00,1808.00
304,2020-09-23,127,10033.00,18062430.00,1825.00,1785.00,1806.00
305,2020-09-22,274,32376.00,58487960.00,1842.00,1780.00,1800.00
306,2020-09-21,131,16621.00,30315384.00,1840.00,1805.00,1824.00
307,2020-09-20,86,15199.00,27832055.00,1855.00,1817.00,1817.00
308,2020-09-17,139,18047.00,33196783.00,1860.00,1824.00,1833.00
309,2020-09-16,89,11083.00,19976892.00,1815.00,1795.00,1815.00
310,2020-09-15,185,25603.00,46249299.00,1830.00,1790.00,1799.00
311,2020-09-14,221,29386.00,53915031.00,1850.00,1810.00,1810.00
312,2020-09-13,166,19292.00,35698285.00,1875.00,1810.00,1843.00
313,2020-09-10,282,31965.00,59389710.00,1900.00,1829.00,1832.00
314,2020-09-09,389,48116.00,88030033.00,1849.00,1800.00,1827.00
315,2020-09-08,143,17035.00,30118293.00,1797.00,1740.00,1778.00
316,2020-09-07,180,19413.00,34310547.00,1794.00,1758.00,1762.00
317,2020-09-06,251,39347.00,70273982.00,1850.00,1760.00,1780.00
318,2020-09-03,208,27052.00,49100853.00,1860.00,1793.00,1800.00
319,2020-09-02,350,56496.00,104658548.00,1878.00,1824.00,1829.00
320,2020-08-31,614,84373.00,153234426.00,1846.00,1780.00,1820.00
321,2020-08-30,162,18356.00,31949814.00,1770.00,1705.00,1769.00
322,2020-08-27,144,17616.00,30309016.00,1730.00,1710.00,1729.00
323,2020-08-26,105,12970.00,22351873.00,1740.00,1710.00,1720.00
324,2020-08-25,115,13370.00,23050072.00,1748.00,1710.00,1720.00
325,2020-08-24,311,31543.00,54515107.00,1750.00,1704.00,1735.00
326,2020-08-23,96,9661.00,16156265.00,1688.00,1654.00,1676.00
327,2020-08-20,46,3506.00,5826020.00,1668.00,1637.00,1652.00
328,2020-08-19,90,7274.00,11970520.00,1664.00,1626.00,1637.00
329,2020-08-18,69,4675.00,7774480.00,1679.00,1650.00,1667.00
330,2020-08-17,93,9537.00,15729698.00,1665.00,1634.00,1660.00
331,2020-08-16,280,27421.00,45072176.00,1665.00,1597.00,1640.00
332,2020-08-13,132,14990.00,25270870.00,1699.00,1677.00,1681.00
333,2020-08-12,93,14839.00,25215105.00,1708.00,1677.00,1707.00
334,2020-08-11,181,23615.00,40283452.00,1750.00,1690.00,1700.00
335,2020-08-10,260,25644.00,43643645.00,1720.00,1670.00,1718.00
336,2020-08-09,126,10092.00,16597121.00,1670.00,1620.00,1670.00
337,2020-08-06,121,9397.00,15405037.00,1650.00,1615.00,1644.00
338,2020-08-05,216,25436.00,41662425.00,1653.00,1631.00,1635.00
339,2020-08-03,160,12970.00,21487090.00,1675.00,1626.00,1660.00
340,2020-08-02,448,44311.00,73512256.00,1690.00,1640.00,1646.00
341,2020-07-30,190,14529.00,24654045.00,1725.00,1666.00,1700.00
342,2020-07-29,334,28148.00,47523883.00,1710.00,1676.00,1683.00
343,2020-07-28,317,31706.00,54591359.00,1755.00,1706.00,1706.00
344,2020-07-27,156,14804.00,25996279.00,1797.00,1736.00,1741.00
345,2020-07-26,283,36203.00,64430387.00,1795.00,1750.00,1787.00
346,2020-07-23,202,18768.00,32756856.00,1759.00,1723.00,1753.00
347,2020-07-22,358,42384.00,74887476.00,1810.00,1732.00,1739.00
348,2020-07-21,764,82166.00,142484299.00,1776.00,1651.00,1755.00
349,2020-07-20,503,47723.00,80895003.00,1814.00,1637.00,1670.00
350,2020-07-19,16,1500.00,2609560.00,1779.00,1650.00,1779.00
351,2020-07-16,140,10906.00,17499477.00,1620.00,1595.00,1618.00
352,2020-07-15,186,26963.00,43331375.00,1625.00,1593.00,1599.00
353,2020-07-14,224,22438.00,36582616.00,1669.00,1601.00,1606.00
354,2020-07-13,319,35360.00,56853044.00,1640.00,1572.00,1637.00
355,2020-07-12,173,18065.00,28315071.00,1599.00,1540.00,1573.00
356,2020-07-09,139,15870.00,24243866.00,1542.00,1503.00,1538.00
357,2020-07-08,191,21194.00,32474186.00,1570.00,1496.00,1527.00
358,2020-07-07,371,38238.00,58666883.00,1570.00,1496.00,1530.00
359,2020-07-06,228,20701.00,30994757.00,1525.00,1454.00,1495.00
360,2020-07-05,295,27895.00,40661336.00,1485.00,1415.00,1465.00
361,2020-07-02,200,26660.00,38437265.00,1600.00,1418.00,1424.00
362,2020-07-01,224,27096.00,42478075.00,1601.00,1470.00,1575.00
363,2020-06-30,255,25495.00,36438060.00,1457.00,1350.00,1457.00
364,2020-06-29,236,27925.00,34699972.00,1325.00,1140.00,1325.00
365,2020-05-13,2,40.00,48460.00,1218.00,1205.00,1205.00
366,2020-05-12,6,210.00,263430.00,1268.00,1242.00,1242.00
367,2020-03-22,84,11330.00,14531835.00,1328.00,1275.00,1280.00
368,2020-03-19,1407,244568.00,313305487.00,1335.00,1270.00,1304.00
369,2020-03-18,272,20856.00,27905894.00,1394.00,1310.00,1328.00
370,2020-03-17,419,33954.00,46702227.00,1450.00,1340.00,1359.00
371,2020-03-16,310,29042.00,41739646.00,1496.00,1390.00,1418.00
372,2020-03-15,427,37442.00,54957581.00,1520.00,1434.00,1434.00
373,2020-03-12,476,45675.00,70706646.00,1600.00,1515.00,1516.00
374,2020-03-11,523,75630.00,118641842.00,1607.00,1500.00,1585.00
375,2020-03-10,241,25007.00,39022649.00,1615.00,1501.00,1502.00
376,2020-03-05,416,39721.00,64480027.00,1670.00,1564.00,1616.00
377,2020-03-04,568,79695.00,132205078.00,1758.00,1605.00,1619.00
378,2020-03-03,668,83945.00,142643520.00,1780.00,1624.00,1724.00
379,2020-03-02,302,37578.00,64973232.00,1784.00,1681.00,1681.00
380,2020-03-01,595,63816.00,113624658.00,1832.00,1756.00,1772.00
381,2020-02-27,626,63082.00,115879664.00,1913.00,1779.00,1809.00
382,2020-02-26,744,87081.00,167134171.00,1989.00,1873.00,1880.00
383,2020-02-25,667,92255.00,163351168.00,1837.00,1645.00,1837.00
384,2020-02-24,439,61801.00,102204897.00,1693.00,1622.00,1670.00
385,2020-02-23,493,62997.00,103406138.00,1689.00,1590.00,1644.00
386,2020-02-20,676,76559.00,122267869.00,1624.00,1549.00,1591.00
387,2020-02-19,617,86866.00,128955008.00,1570.00,1416.00,1550.00
388,2020-02-18,566,64032.00,91493762.00,1457.00,1400.00,1429.00
389,2020-02-17,554,72592.00,102934784.00,1454.00,1395.00,1400.00
390,2020-02-16,1192,128872.00,180420315.00,1436.00,1320.00,1429.00
391,2020-02-13,841,90962.00,120046641.00,1351.00,1245.00,1351.00
392,2020-02-12,130,11690.00,14377015.00,1240.00,1226.00,1229.00
393,2020-02-11,91,11528.00,14105807.00,1230.00,1220.00,1225.00
394,2020-02-10,57,4480.00,5462760.00,1227.00,1215.00,1219.00
395,2020-02-09,105,8692.00,10599245.00,1228.00,1210.00,1217.00
396,2020-02-06,122,12444.00,15218165.00,1244.00,1218.00,1219.00
397,2020-02-05,87,8940.00,10921684.00,1235.00,1215.00,1223.00
398,2020-02-04,191,20345.00,24742625.00,1229.00,1210.00,1217.00
399,2020-02-03,212,28061.00,34489780.00,1251.00,1220.00,1220.00
400,2020-02-02,332,49965.00,61455223.00,1290.00,1217.00,1225.00
401,2020-01-30,189,14825.00,18054805.00,1230.00,1205.00,1205.00
402,2020-01-29,244,22124.00,26954067.00,1235.00,1205.00,1213.00
403,2020-01-28,163,20186.00,24904456.00,1261.00,1220.00,1243.00
404,2020-01-27,145,11987.00,14711451.00,1245.00,1216.00,1239.00
405,2020-01-26,104,8935.00,11008650.00,1269.00,1224.00,1231.00
406,2020-01-23,193,17585.00,21900895.00,1260.00,1234.00,1245.00
407,2020-01-22,185,19576.00,24711574.00,1279.00,1255.00,1259.00
408,2020-01-21,373,82968.00,105261756.00,1300.00,1257.00,1274.00
409,2020-01-20,579,163125.00,209295936.00,1340.00,1275.00,1280.00
410,2020-01-19,648,93257.00,121559895.00,1335.00,1280.00,1300.00
411,2020-01-16,508,115512.00,144927476.00,1285.00,1250.00,1279.00
412,2020-01-15,104,9409.00,11711580.00,1259.00,1234.00,1248.00
413,2020-01-14,131,20310.00,24953414.00,1250.00,1219.00,1241.00
414,2020-01-13,131,17693.00,21932365.00,1275.00,1215.00,1224.00
415,2020-01-12,78,6058.00,7418495.00,1246.00,1213.00,1235.00
416,2020-01-09,80,7834.00,9433803.00,1210.00,1198.00,1202.00
417,2020-01-08,67,3920.00,4727285.00,1215.00,1200.00,1208.00
418,2020-01-07,82,5512.00,6678422.00,1225.00,1205.00,1213.00
419,2020-01-06,71,5388.00,6542757.00,1219.00,1208.00,1211.00
420,2020-01-05,192,20703.00,25018518.00,1239.00,1200.00,1208.00
421,2020-01-02,161,15377.00,18783406.00,1230.00,1214.00,1215.00
422,2020-01-01,109,13680.00,16762640.00,1290.00,1216.00,1216.00
423,2019-12-31,202,20477.00,25408992.00,1270.00,1220.00,1230.00
424,2019-12-30,153,19593.00,24181629.00,1270.00,1191.00,1253.00
425,2019-12-29,151,10341.00,12318176.00,1215.00,1180.00,1194.00
426,2019-12-26,211,17595.00,21261689.00,1239.00,1181.00,1181.00
427,2019-12-25,240,20515.00,25242607.00,1260.00,1218.00,1220.00
428,2019-12-24,154,20220.00,25295467.00,1278.00,1230.00,1244.00
429,2019-12-23,179,19926.00,24785360.00,1275.00,1226.00,1254.00
430,2019-12-22,42,5625.00,6956640.00,1255.00,1230.00,1240.00
431,2019-12-19,28,3060.00,3771165.00,1245.00,1225.00,1225.00
432,2019-12-18,33,5285.00,6562230.00,1250.00,1238.00,1238.00
433,2019-12-17,29,2850.00,3566330.00,1264.00,1248.00,1249.00
434,2019-12-16,23,1565.00,1959925.00,1265.00,1245.00,1245.00
435,2019-12-15,39,5236.00,6573906.00,1270.00,1250.00,1255.00
436,2019-12-12,56,4178.00,5200765.00,1260.00,1240.00,1241.00
437,2019-12-11,43,2660.00,3354004.00,1276.00,1251.00,1260.00
438,2019-12-10,76,5638.00,7105315.00,1290.00,1250.00,1268.00
439,2019-12-09,85,9777.00,12377485.00,1300.00,1242.00,1275.00
440,2019-12-08,39,4039.00,5003375.00,1265.00,1230.00,1238.00
441,2019-12-05,107,9345.00,11732705.00,1290.00,1235.00,1235.00
442,2019-12-04,152,13177.00,16698723.00,1284.00,1243.00,1265.00
443,2019-12-03,84,5378.00,6549802.00,1243.00,1180.00,1243.00
444,2019-12-02,51,2335.00,2772505.00,1199.00,1176.00,1176.00
445,2019-12-01,101,6478.00,7482918.50,1180.00,1123.00,1178.00
446,2019-11-28,226,18987.00,33575063.00,1790.00,1742.00,1750.00
447,2019-11-27,87,9835.00,17454090.00,1790.00,1755.00,1788.00
448,2019-11-26,19,1240.00,2167690.00,1755.00,1735.00,1750.00
449,2019-11-25,41,2910.00,5010130.00,1764.00,1704.00,1740.00
450,2019-11-24,47,3213.00,5580781.00,1750.00,1730.00,1735.00
451,2019-11-21,39,3740.00,6555125.00,1790.00,1750.00,1750.00
452,2019-11-20,62,4972.00,8812292.00,1800.00,1760.00,1760.00
453,2019-11-19,45,6274.00,11036130.00,1805.00,1750.00,1765.00
454,2019-11-18,48,2199.00,3896161.00,1800.00,1757.00,1774.00
455,2019-11-17,87,6730.00,12019896.00,1805.00,1770.00,1784.00
456,2019-11-14,62,7390.00,13305930.00,1815.00,1790.00,1799.00
457,2019-11-13,87,5018.00,9057818.00,1835.00,1778.00,1780.00
458,2019-11-12,402,38723.00,69740358.00,1866.00,1632.00,1839.00
459,2019-11-11,28,1510.00,2555660.00,1710.00,1632.00,1710.00
460,2019-11-10,15,2070.00,3123100.00,1555.00,1500.00,1555.00
461,2019-11-07,12,620.00,939410.00,1601.00,1508.00,1519.00
462,2019-11-06,25,1318.00,2046525.00,1580.00,1521.00,1525.00
463,2019-11-05,34,5280.00,7989390.00,1540.00,1500.00,1539.00
464,2019-11-04,6,348.00,514665.00,1480.00,1470.00,1480.00
465,2019-11-03,6,330.00,480210.00,1461.00,1445.00,1453.00
466,2019-10-31,7,835.00,1223630.00,1499.00,1457.00,1490.00
467,2019-10-24,11,723.00,1063614.00,1498.00,1443.00,1470.00
468,2019-10-23,9,1055.00,1531395.00,1464.00,1436.00,1451.00
469,2019-10-22,6,350.00,500180.00,1458.00,1425.00,1458.00
470,2019-10-21,13,457.00,648530.00,1450.00,1402.00,1402.00
471,2019-10-20,13,465.00,673255.00,1460.00,1430.00,1430.00
472,2019-10-17,2,47.00,68879.00,1477.00,1450.00,1477.00
473,2019-10-14,2,35.00,51425.00,1490.00,1461.00,1461.00
474,2019-10-03,3,130.00,192100.00,1480.00,1470.00,1470.00
475,2019-10-02,12,580.00,858350.00,1490.00,1465.00,1465.00
476,2019-10-01,7,7300.00,10687720.00,1465.00,1450.00,1451.00
477,2019-09-30,2,150.00,216500.00,1445.00,1440.00,1445.00
478,2019-09-29,8,455.00,647105.00,1440.00,1405.00,1417.00
479,2019-09-26,10,565.00,808695.00,1457.00,1405.00,1428.00
480,2019-09-25,2,50.00,71520.00,1431.00,1430.00,1430.00
481,2019-09-24,11,1015.00,1455805.00,1470.00,1431.00,1431.00
482,2019-09-23,6,455.00,666455.00,1473.00,1445.00,1473.00
483,2019-09-22,17,1331.00,1933404.00,1494.00,1445.00,1445.00
484,2019-09-19,13,827.00,1241720.00,1520.00,1492.00,1492.00
485,2019-09-18,28,2205.00,3349280.00,1540.00,1504.00,1536.00
486,2019-09-17,15,515.00,749510.00,1504.00,1400.00,1504.00
487,2019-09-16,22,860.00,1203020.00,1423.00,1365.00,1392.00
488,2019-09-15,19,790.00,1129480.00,1445.00,1423.00,1423.00
489,2019-09-12,21,915.00,1342250.00,1474.00,1450.00,1450.00
490,2019-09-11,1,50.00,74700.00,1494.00,1494.00,1494.00
491,2019-09-10,7,200.00,296780.00,1524.00,1470.00,1524.00
492,2019-09-10,7,200.00,296780.00,1524.00,1470.00,1524.00
493,2019-09-05,14,750.00,1129930.00,1543.00,1500.00,1500.00
494,2019-09-04,26,2050.00,3089420.00,1535.00,1500.00,1500.00
495,2019-09-03,22,3332.00,4996430.00,1530.00,1472.00,1530.00
496,2019-09-02,7,460.00,685540.00,1502.00,1480.00,1480.00
497,2019-09-01,35,4230.00,6358900.00,1553.00,1500.00,1505.00
498,2019-08-29,5,310.00,482265.00,1565.00,1553.00,1553.00
499,2019-08-28,12,855.00,1342530.00,1618.00,1550.00,1550.00
500,2019-08-27,27,2355.00,3754650.00,1607.00,1580.00,1606.00
501,2019-08-26,4,386.00,600124.00,1560.00,1550.00,1560.00
502,2019-08-25,11,3685.00,5727590.00,1555.00,1551.00,1551.00
503,2019-08-22,6,1325.00,2058205.00,1578.00,1551.00,1578.00
504,2019-08-21,5,242.00,376260.00,1556.00,1554.00,1555.00
505,2019-08-20,15,620.00,970750.00,1597.00,1560.00,1560.00
506,2019-08-19,8,304.00,482160.00,1590.00,1577.00,1577.00
507,2019-08-18,19,1360.00,2187700.00,1649.00,1600.00,1600.00
508,2019-08-15,35,2008.00,3192167.00,1637.00,1559.00,1600.00
509,2019-08-14,3,110.00,168440.00,1544.00,1530.00,1544.00
510,2019-08-13,7,410.00,623230.00,1548.00,1518.00,1518.00
511,2019-08-12,10,600.00,902780.00,1525.00,1496.00,1496.00
512,2019-08-11,13,815.00,1233010.00,1529.00,1501.00,1501.00
513,2019-08-08,8,390.00,592590.00,1535.00,1518.00,1535.00
514,2019-08-07,16,1010.00,1538530.00,1535.00,1520.00,1520.00
515,2019-08-05,10,830.00,1286480.00,1561.00,1544.00,1544.00
516,2019-08-04,9,620.00,977180.00,1598.00,1575.00,1575.00
517,2019-08-01,14,498.00,793722.00,1614.00,1578.00,1606.00
518,2019-07-31,11,420.00,662910.00,1596.00,1575.00,1578.00
519,2019-07-30,1,10.00,15750.00,1575.00,1575.00,1575.00
520,2019-07-29,29,1440.00,2233625.00,1580.00,1515.00,1562.00
521,2019-07-28,10,450.00,710890.00,1585.00,1576.00,1576.00
522,2019-07-25,29,3110.00,4955140.00,1618.00,1585.00,1614.00
523,2019-07-24,9,710.00,1140510.00,1630.00,1600.00,1629.00
524,2019-07-23,17,1675.00,2701230.00,1625.00,1604.00,1610.00
525,2019-07-22,35,2937.00,4808596.00,1650.00,1617.00,1635.00
526,2019-07-21,1,960.00,1585920.00,1652.00,1652.00,1652.00
527,2019-07-17,3,170.00,280840.00,1652.00,1652.00,1652.00
528,2019-07-16,19,1059.00,1758601.00,1679.00,1650.00,1670.00
529,2019-07-15,3,235.00,390365.00,1674.00,1660.00,1665.00
530,2019-07-14,10,515.00,852565.00,1675.00,1650.00,1650.00
531,2019-07-11,11,1020.00,1686070.00,1665.00,1651.00,1665.00
532,2019-07-10,10,1125.00,1868775.00,1670.00,1656.00,1656.00
533,2019-07-09,6,405.00,680950.00,1700.00,1666.00,1680.00
534,2019-07-08,24,3305.00,5588400.00,1715.00,1680.00,1680.00
535,2019-07-07,30,3195.00,5412295.00,1710.00,1678.00,1685.00
536,2019-07-04,43,7425.00,12387655.00,1686.00,1660.00,1678.00
537,2019-07-03,19,2495.00,4174780.00,1686.00,1666.00,1677.00
538,2019-07-02,12,1385.00,2329765.00,1689.00,1675.00,1675.00
539,2019-07-01,46,7470.00,12605990.00,1707.00,1675.00,1680.00
540,2019-06-30,78,15360.00,26004730.00,1729.00,1675.00,1683.00
541,2019-06-27,205,89770.00,149771500.00,1729.00,1657.00,1723.00
542,2019-06-26,120,117345.00,194273430.00,1705.00,1655.00,1690.00
543,2019-06-25,5,350.00,589110.00,1715.00,1673.00,1673.00
544,2019-06-24,3,540.00,912100.00,1700.00,1670.00,1700.00
545,2019-06-23,13,1300.00,2193805.00,1710.00,1666.00,1666.00
546,2019-06-20,12,1000.00,1715480.00,1754.00,1700.00,1710.00
547,2019-06-19,3,610.00,1047100.00,1720.00,1700.00,1720.00
548,2019-06-18,2,30.00,51170.00,1727.00,1695.00,1727.00
549,2019-06-17,4,90.00,153570.00,1729.00,1680.00,1729.00
550,2019-06-16,13,1337.00,2267540.00,1711.00,1678.00,1678.00
551,2019-06-13,10,810.00,1408370.00,1751.00,1716.00,1744.00
552,2019-06-12,15,1025.00,1769495.00,1740.00,1717.00,1717.00
553,2019-06-11,43,5325.00,9337775.00,1780.00,1710.00,1750.00
554,2019-06-10,28,2425.00,4147295.00,1734.00,1680.00,1734.00
555,2019-06-06,11,715.00,1186970.00,1675.00,1652.00,1652.00
556,2019-06-04,14,520.00,867890.00,1683.00,1650.00,1680.00
557,2019-06-03,22,990.00,1646790.00,1690.00,1650.00,1650.00
558,2019-06-02,18,550.00,924390.00,1724.00,1653.00,1715.00
559,2019-05-30,56,3010.00,5270025.00,1842.00,1681.00,1720.00
560,2019-05-29,44,5826.00,10060213.00,1755.00,1600.00,1755.00
561,2019-05-28,40,2650.00,4430210.00,1713.00,1596.00,1596.00
562,2019-05-27,39,2685.00,4600380.00,1742.00,1680.00,1680.00
563,2019-05-26,197,14371.00,25425245.00,1974.00,1666.00,1666.00
564,2019-05-23,134,39065.00,70334230.00,1845.00,1748.00,1809.00
565,2019-05-22,93,6522.00,11805584.00,1871.00,1780.00,1780.00
566,2019-05-21,125,9730.00,19050150.00,2065.00,1880.00,1908.00
567,2019-05-20,240,41624.00,82976711.00,2070.00,1955.00,1999.00
568,2019-05-19,47,14840.00,28215075.00,1958.00,1870.00,1949.00
569,2019-05-16,13,1240.00,2276190.00,1920.00,1789.00,1920.00
570,2019-05-15,13,290.00,571620.00,2035.00,1883.00,1883.00
571,2019-05-14,18,770.00,1538970.00,2044.00,1950.00,2004.00
572,2019-05-13,44,1789.00,3437729.00,2018.00,1863.00,1934.00
573,2019-05-12,31,1270.00,2497635.00,2068.00,1860.00,2059.00
574,2019-05-09,67,3553.00,6778851.00,1996.00,1813.00,1955.00
575,2019-05-08,33,1444.00,2576195.00,1815.00,1683.00,1815.00
576,2019-05-07,24,1955.00,3080450.00,1650.00,1519.00,1650.00
577,2019-05-06,11,450.00,668840.00,1500.00,1480.00,1500.00
578,2019-05-05,10,1025.00,1490560.00,1479.00,1450.00,1454.00
579,2019-05-02,13,1272.00,1802226.00,1479.00,1405.00,1479.00
580,2019-04-30,3,45.00,63200.00,1405.00,1405.00,1405.00
581,2019-04-29,5,160.00,223850.00,1428.00,1392.00,1428.00
582,2019-04-28,12,785.00,1107780.00,1433.00,1370.00,1420.00
583,2019-04-25,4,400.00,553500.00,1395.00,1380.00,1395.00
584,2019-04-24,5,170.00,233620.00,1380.00,1370.00,1380.00
585,2019-04-23,3,250.00,340790.00,1399.00,1360.00,1399.00
586,2019-04-22,6,280.00,378090.00,1352.00,1350.00,1350.00
587,2019-04-21,2,20.00,27450.00,1373.00,1372.00,1372.00
588,2019-04-18,5,840.00,1176280.00,1407.00,1400.00,1400.00
589,2019-04-17,5,450.00,617320.00,1380.00,1346.00,1380.00
590,2019-04-16,8,610.00,833470.00,1385.00,1365.00,1366.00
591,2019-04-15,3,240.00,333470.00,1390.00,1377.00,1390.00
592,2019-04-10,3,140.00,187000.00,1350.00,1330.00,1350.00
593,2019-04-08,3,120.00,159720.00,1335.00,1330.00,1335.00
594,2019-04-07,1,10.00,13410.00,1341.00,1341.00,1341.00
595,2019-04-04,3,30.00,40960.00,1366.00,1364.00,1366.00
596,2019-04-03,2,70.00,94050.00,1345.00,1340.00,1340.00
597,2019-04-01,2,80.00,110580.00,1389.00,1362.00,1362.00
598,2019-03-31,9,360.00,491030.00,1382.00,1345.00,1382.00
599,2019-03-26,1,50.00,67500.00,1350.00,1350.00,1350.00
600,2019-03-25,1,10.00,13550.00,1355.00,1355.00,1355.00
601,2019-03-24,2,195.00,260325.00,1335.00,1335.00,1335.00
602,2019-03-21,3,70.00,96070.00,1377.00,1355.00,1355.00
603,2019-03-19,4,240.00,324100.00,1351.00,1350.00,1350.00
604,2019-03-18,3,240.00,330380.00,1377.00,1375.00,1377.00
605,2019-03-17,3,80.00,108210.00,1357.00,1350.00,1350.00
606,2019-03-14,2,20.00,26890.00,1358.00,1331.00,1331.00
607,2019-03-13,4,400.00,543600.00,1414.00,1332.00,1332.00
608,2019-03-12,3,51.00,70987.00,1414.00,1360.00,1414.00
609,2019-03-11,2,150.00,203900.00,1360.00,1343.00,1360.00
610,2019-03-07,10,440.00,584220.00,1343.00,1317.00,1343.00
611,2019-03-06,3,1095.00,1434745.00,1337.00,1310.00,1337.00
612,2019-03-05,6,597.00,782190.00,1320.00,1280.00,1320.00
613,2019-03-03,1,10.00,13060.00,1321.00,1306.00,1306.00
614,2019-02-27,6,484.00,637360.00,1323.00,1310.00,1321.00
615,2019-02-26,5,130.00,172650.00,1377.00,1323.00,1323.00
616,2019-02-25,2,20.00,27270.00,1377.00,1327.00,1377.00
617,2019-02-24,4,250.00,337510.00,1355.00,1327.00,1327.00
618,2019-02-21,4,261.00,354854.00,1409.00,1354.00,1354.00
619,2019-02-20,1,10.00,14090.00,1409.00,1382.00,1409.00
620,2019-02-19,4,110.00,147720.00,1382.00,1328.00,1382.00
621,2019-02-18,2,20.00,26860.00,1355.00,1305.00,1355.00
622,2019-02-17,8,905.00,1183675.00,1325.00,1305.00,1305.00
623,2019-02-14,4,70.00,93050.00,1367.00,1325.00,1325.00
624,2019-02-13,2,150.00,207750.00,1394.00,1367.00,1367.00
625,2019-02-12,28,1700.00,2360255.00,1417.00,1340.00,1367.00
626,2019-02-10,3,115.00,154460.00,1364.00,1340.00,1340.00
627,2019-02-06,2,20.00,27260.00,1390.00,1363.00,1363.00
628,2019-02-04,1,10.00,13900.00,1390.00,1370.00,1390.00
629,2019-01-31,4,105.00,144005.00,1377.00,1350.00,1370.00
630,2019-01-30,1,50.00,67500.00,1356.00,1350.00,1350.00
631,2019-01-29,3,220.00,297540.00,1356.00,1304.00,1356.00
632,2019-01-28,2,50.00,66530.00,1356.00,1330.00,1330.00
633,2019-01-22,2,60.00,81100.00,1357.00,1330.00,1356.00
634,2019-01-20,1,20.00,27140.00,1384.00,1357.00,1357.00
635,2019-01-17,3,300.00,415460.00,1397.00,1370.00,1384.00
636,2019-01-16,6,240.00,333160.00,1409.00,1362.00,1370.00
637,2019-01-15,7,310.00,422700.00,1389.00,1362.00,1362.00
638,2019-01-10,3,90.00,125060.00,1414.00,1389.00,1389.00
639,2019-01-09,4,50.00,70710.00,1442.00,1360.00,1414.00
640,2019-01-08,7,630.00,844510.00,1376.00,1335.00,1360.00
641,2019-01-07,3,40.00,55330.00,1403.00,1376.00,1376.00
642,2019-01-06,2,20.00,28340.00,1460.00,1403.00,1403.00
643,2018-12-31,1,10.00,14600.00,1460.00,1432.00,1460.00
644,2018-12-30,1,50.00,71600.00,1461.00,1432.00,1432.00
645,2018-12-27,7,300.00,425500.00,1461.00,1378.00,1461.00
646,2018-12-26,2,20.00,27300.00,1378.00,1326.00,1378.00
647,2018-12-24,3,50.00,65500.00,1326.00,1290.00,1326.00
648,2018-12-23,1,10.00,13140.00,1340.00,1314.00,1314.00
649,2018-12-19,3,85.00,114610.00,1356.00,1330.00,1340.00
650,2018-12-18,6,165.00,216150.00,1330.00,1290.00,1330.00
651,2018-12-17,1,50.00,64500.00,1290.00,1265.00,1290.00
652,2018-12-16,1,25.00,31625.00,1265.00,1264.00,1265.00
653,2018-12-13,2,100.00,126400.00,1264.00,1240.00,1264.00
654,2018-12-12,1,30.00,37200.00,1240.00,1220.00,1240.00
655,2018-12-11,1,50.00,61000.00,1220.00,1197.00,1220.00
656,2018-12-10,2,50.00,60330.00,1245.00,1197.00,1197.00
657,2018-12-09,1,140.00,174300.00,1250.00,1245.00,1245.00
658,2018-12-06,5,230.00,291330.00,1285.00,1250.00,1250.00
659,2018-12-05,3,100.00,131330.00,1363.00,1285.00,1285.00
660,2018-12-03,1,140.00,190820.00,1363.00,1363.00,1363.00
661,2018-11-26,1,60.00,81780.00,1390.00,1363.00,1363.00
662,2018-11-22,1,10.00,13900.00,1390.00,1363.00,1390.00
663,2018-11-20,2,40.00,54520.00,1390.00,1363.00,1363.00
664,2018-11-06,1,100.00,139000.00,1390.00,1390.00,1390.00
665,2018-11-05,3,220.00,301690.00,1393.00,1366.00,1393.00
666,2018-11-04,3,60.00,84340.00,1427.00,1390.00,1390.00
667,2018-11-01,1,20.00,29120.00,1456.00,1456.00,1456.00
668,2018-10-31,2,70.00,103950.00,1485.00,1485.00,1485.00
669,2018-10-30,2,20.00,28880.00,1458.00,1430.00,1458.00
670,2018-10-29,7,240.00,336420.00,1405.00,1400.00,1402.00
671,2018-10-28,7,1260.00,1787400.00,1425.00,1413.00,1425.00
672,2018-10-25,4,550.00,792600.00,1442.00,1441.00,1441.00
673,2018-10-24,1,50.00,73500.00,1470.00,1470.00,1470.00
674,2018-10-22,7,270.00,389520.00,1480.00,1440.00,1442.00
675,2018-10-21,2,20.00,29930.00,1510.00,1483.00,1510.00
676,2018-10-15,4,280.00,415330.00,1505.00,1454.00,1454.00
677,2018-10-14,8,640.00,931810.00,1470.00,1450.00,1454.00
678,2018-10-11,2,200.00,295000.00,1480.00,1470.00,1470.00
679,2018-10-10,2,845.00,1265500.00,1500.00,1480.00,1500.00
680,2018-10-09,7,560.00,840520.00,1519.00,1490.00,1509.00
681,2018-10-08,16,7119.00,10938592.00,1549.00,1505.00,1520.00
682,2018-10-07,9,130.00,189620.00,1501.00,1421.00,1501.00
683,2018-10-04,3,60.00,86720.00,1450.00,1422.00,1450.00
684,2018-10-03,4,250.00,369050.00,1477.00,1476.00,1476.00
685,2018-10-02,14,706.00,1061365.00,1550.00,1475.00,1504.00
686,2018-10-01,29,3296.00,4786748.00,1481.00,1400.00,1478.00
687,2018-09-30,12,1244.00,1744582.00,1420.00,1392.00,1403.00
688,2018-09-27,31,2451.00,3466944.00,1456.00,1350.00,1404.00
689,2018-09-26,12,1060.00,1459840.00,1400.00,1347.00,1370.00
690,2018-09-25,6,670.00,907770.00,1373.00,1321.00,1373.00
691,2018-09-23,8,785.00,1049830.00,1362.00,1320.00,1326.00
692,2018-09-20,2,40.00,53710.00,1363.00,1336.00,1336.00
693,2018-09-18,6,285.00,388915.00,1390.00,1350.00,1390.00
694,2018-09-17,8,959.00,1276830.00,1340.00,1320.00,1339.00
695,2018-09-16,1,20.00,26520.00,1326.00,1326.00,1326.00
696,2018-09-13,7,620.00,812000.00,1326.00,1300.00,1300.00
697,2018-09-12,2,1010.00,1349360.00,1336.00,1336.00,1336.00
698,2018-09-11,3,90.00,119160.00,1328.00,1310.00,1310.00
699,2018-09-10,2,20.00,26040.00,1302.00,1302.00,1302.00
700,2018-09-06,5,255.00,339700.00,1360.00,1328.00,1328.00
701,2018-09-05,3,550.00,755800.00,1380.00,1360.00,1380.00
702,2018-09-04,2,170.00,232900.00,1370.00,1370.00,1370.00
703,2018-09-03,3,40.00,55250.00,1388.00,1361.00,1388.00
704,2018-08-29,2,20.00,26490.00,1335.00,1314.00,1335.00
705,2018-08-28,1,10.00,13400.00,1340.00,1340.00,1340.00
706,2018-08-26,2,20.00,26560.00,1331.00,1325.00,1331.00
707,2018-08-23,2,35.00,45050.00,1305.00,1280.00,1305.00
708,2018-08-22,3,40.00,51960.00,1299.00,1299.00,1299.00
709,2018-08-21,5,100.00,130250.00,1325.00,1300.00,1325.00
710,2018-08-20,6,1310.00,1728740.00,1325.00,1315.00,1320.00
711,2018-08-19,2,60.00,80800.00,1350.00,1330.00,1350.00
712,2018-08-16,16,1370.00,1905730.00,1425.00,1341.00,1341.00
713,2018-08-15,36,2418.00,3355383.00,1460.00,1350.00,1450.00
714,2018-08-14,11,590.00,757260.00,1343.00,1264.00,1343.00
715,2018-08-12,4,40.00,49650.00,1245.00,1240.00,1240.00
716,2018-08-08,2,110.00,139800.00,1271.00,1270.00,1270.00
717,2018-08-05,1,100.00,129500.00,1295.00,1295.00,1295.00
718,2018-08-02,2,174.00,221180.00,1290.00,1270.00,1270.00
719,2018-08-01,2,80.00,101370.00,1282.00,1265.00,1265.00
720,2018-07-31,4,75.00,95185.00,1305.00,1257.00,1257.00
721,2018-07-30,2,450.00,569400.00,1280.00,1265.00,1280.00
722,2018-07-25,4,214.00,268320.00,1260.00,1250.00,1260.00
723,2018-07-24,4,450.00,562290.00,1274.00,1248.00,1248.00
724,2018-07-19,1,10.00,13000.00,1300.00,1300.00,1300.00
725,2018-07-17,4,66.00,88070.00,1350.00,1298.00,1298.00
726,2018-07-16,6,70.00,92100.00,1351.00,1291.00,1351.00
727,2018-07-15,3,110.00,139850.00,1291.00,1266.00,1291.00
728,2018-07-12,2,50.00,64000.00,1280.00,1280.00,1280.00
729,2018-07-11,5,210.00,265120.00,1270.00,1245.00,1268.00
730,2018-07-10,7,140.00,180340.00,1336.00,1270.00,1270.00
731,2018-07-08,4,200.00,266440.00,1363.00,1311.00,1363.00
732,2018-07-05,6,270.00,345880.00,1286.00,1237.00,1286.00
733,2018-07-04,1,10.00,12130.00,1213.00,1213.00,1213.00
734,2018-07-03,6,510.00,612640.00,1212.00,1190.00,1190.00
735,2018-07-01,4,202.00,247472.00,1231.00,1221.00,1224.00
736,2018-06-28,2,100.00,125400.00,1254.00,1254.00,1254.00
737,2018-06-25,1,10.00,12790.00,1279.00,1279.00,1279.00
738,2018-06-24,2,290.00,373450.00,1305.00,1280.00,1305.00
739,2018-06-21,3,110.00,137080.00,1268.00,1244.00,1268.00
740,2018-06-20,2,30.00,37590.00,1269.00,1245.00,1269.00
741,2018-06-19,2,90.00,114510.00,1291.00,1270.00,1270.00
742,2018-06-17,1,10.00,13170.00,1317.00,1317.00,1317.00
743,2018-06-14,8,410.00,533630.00,1346.00,1292.00,1292.00
744,2018-06-13,3,40.00,51550.00,1320.00,1270.00,1320.00
745,2018-06-12,2,310.00,393380.00,1270.00,1268.00,1270.00
746,2018-06-11,7,270.00,334280.00,1273.00,1225.00,1248.00
747,2018-06-10,8,540.00,686930.00,1281.00,1250.00,1250.00
748,2018-06-07,9,900.00,1176210.00,1320.00,1295.00,1301.00
749,2018-06-06,2,90.00,120420.00,1338.00,1338.00,1338.00
750,2018-06-04,14,1120.00,1469020.00,1330.00,1295.00,1312.00
751,2018-06-03,30,4418.00,5880088.00,1359.00,1311.00,1321.00
752,2018-05-31,8,1530.00,2100470.00,1380.00,1360.00,1360.00
753,2018-05-30,8,370.00,502890.00,1380.00,1327.00,1353.00
754,2018-05-29,10,1180.00,1624820.00,1380.00,1354.00,1354.00
755,2018-05-28,22,2640.00,3631330.00,1410.00,1326.00,1405.00
756,2018-05-27,10,470.00,645750.00,1387.00,1335.00,1387.00
757,2018-05-24,8,530.00,701770.00,1389.00,1320.00,1389.00
758,2018-05-23,3,140.00,189180.00,1393.00,1340.00,1340.00
759,2018-05-22,14,1345.00,1799940.00,1366.00,1318.00,1366.00
760,2018-05-21,11,850.00,1120340.00,1340.00,1314.00,1340.00
761,2018-05-20,9,660.00,893160.00,1417.00,1340.00,1340.00
762,2018-05-17,34,2140.00,2924410.00,1400.00,1335.00,1390.00
763,2018-05-16,40,1070.00,1539790.00,1470.00,1360.00,1424.00
764,2018-05-15,7,210.00,278360.00,1337.00,1240.00,1337.00
765,2018-05-14,12,200.00,239540.00,1216.00,1128.00,1216.00
766,2018-05-09,1,26.00,28756.00,1106.00,1106.00,1106.00
767,2018-05-08,4,445.00,504785.00,1136.00,1125.00,1125.00
768,2018-05-07,3,230.00,266800.00,1181.00,1158.00,1158.00
769,2018-05-03,1,30.00,36150.00,1205.00,1205.00,1205.00
770,2018-05-02,2,90.00,105280.00,1182.00,1160.00,1182.00
771,2018-04-26,1,50.00,57950.00,1159.00,1159.00,1159.00
772,2018-04-25,11,680.00,831270.00,1254.00,1182.00,1182.00
773,2018-04-24,5,140.00,174000.00,1270.00,1230.00,1230.00
774,2018-04-23,13,790.00,1022030.00,1326.00,1250.00,1250.00
775,2018-04-22,13,1055.00,1312930.00,1297.00,1220.00,1297.00
776,2018-04-19,12,1270.00,1530530.00,1224.00,1200.00,1200.00
777,2018-04-18,14,1540.00,1821030.00,1219.00,1150.00,1200.00
778,2018-04-17,14,1315.00,1446870.00,1152.00,1080.00,1150.00
779,2018-04-16,7,750.00,810040.00,1086.00,1065.00,1086.00
780,2018-04-15,3,500.00,530000.00,1060.00,1060.00,1060.00
781,2018-04-12,14,1070.00,1124940.00,1100.00,1040.00,1040.00
782,2018-04-11,15,960.00,1007420.00,1099.00,1016.00,1020.00
783,2018-04-09,16,2640.00,2929800.00,1144.00,1078.00,1078.00
784,2018-04-08,15,2340.00,2402340.00,1107.00,1007.00,1100.00
785,2018-04-05,5,630.00,624290.00,1007.00,988.00,1007.00
786,2018-04-04,1,10.00,9700.00,970.00,970.00,970.00
787,2018-04-03,1,10.00,9540.00,954.00,954.00,954.00
788,2018-04-01,2,20.00,18720.00,936.00,936.00,936.00
789,2018-03-27,1,150.00,140400.00,936.00,936.00,936.00
790,2018-03-26,1,350.00,321300.00,918.00,918.00,918.00
791,2018-03-22,9,550.00,504280.00,918.00,900.00,918.00
792,2018-03-21,3,30.00,27690.00,929.00,911.00,929.00
793,2018-03-20,6,180.00,174560.00,1003.00,947.00,947.00
794,2018-03-19,3,60.00,59440.00,1004.00,984.00,984.00
795,2018-03-18,1,20.00,20000.00,1000.00,1000.00,1000.00
796,2018-03-13,1,10.00,9980.00,998.00,998.00,998.00
797,2018-03-07,10,385.00,384840.00,1018.00,944.00,1018.00
798,2018-03-06,2,30.00,27420.00,926.00,908.00,926.00
799,2018-03-05,13,800.00,756905.00,1010.00,926.00,926.00
800,2018-03-04,16,1035.00,1092560.00,1118.00,1026.00,1026.00
801,2018-02-28,3,300.00,341970.00,1140.00,1137.00,1140.00
802,2018-02-27,1,40.00,46400.00,1160.00,1160.00,1160.00
803,2018-02-26,2,30.00,35350.00,1179.00,1178.00,1179.00
804,2018-02-22,1,10.00,12010.00,1201.00,1201.00,1201.00
805,2018-02-20,2,130.00,157750.00,1225.00,1210.00,1225.00
806,2018-02-18,5,740.00,891860.00,1217.00,1200.00,1200.00
807,2018-02-15,5,410.00,502650.00,1249.00,1210.00,1240.00
808,2018-02-14,2,110.00,134980.00,1248.00,1225.00,1225.00
809,2018-02-12,7,270.00,331850.00,1248.00,1205.00,1248.00
810,2018-02-11,1,10.00,11860.00,1186.00,1186.00,1186.00
811,2018-02-08,2,150.00,181500.00,1210.00,1210.00,1210.00
812,2018-02-05,2,200.00,242000.00,1210.00,1210.00,1210.00
813,2018-02-04,5,320.00,393610.00,1240.00,1192.00,1215.00
814,2018-02-01,3,60.00,75230.00,1255.00,1253.00,1255.00
815,2018-01-25,2,20.00,24400.00,1232.00,1208.00,1232.00
816,2018-01-24,3,40.00,48600.00,1233.00,1185.00,1185.00
817,2018-01-21,1,100.00,125800.00,1258.00,1258.00,1258.00
818,2018-01-17,1,10.00,12340.00,1234.00,1234.00,1234.00
819,2018-01-16,1,10.00,12590.00,1259.00,1259.00,1259.00
820,2018-01-14,7,830.00,1031090.00,1300.00,1230.00,1235.00
821,2018-01-10,4,267.00,334475.00,1275.00,1250.00,1275.00
822,2018-01-09,11,960.00,1223690.00,1297.00,1265.00,1266.00
823,2018-01-08,11,800.00,1007650.00,1285.00,1224.00,1272.00
824,2018-01-07,12,1560.00,1973430.00,1309.00,1205.00,1260.00
825,2018-01-04,4,245.00,299445.00,1227.00,1180.00,1205.00
826,2018-01-03,4,190.00,227570.00,1199.00,1196.00,1198.00
827,2018-01-02,14,2440.00,3043440.00,1284.00,1200.00,1220.00
828,2018-01-01,6,1345.00,1590700.00,1203.00,1160.00,1203.00
829,2017-12-31,4,140.00,165380.00,1196.00,1173.00,1180.00
830,2017-12-28,8,585.00,664570.00,1150.00,1100.00,1150.00
831,2017-12-27,1,100.00,111000.00,1110.00,1110.00,1110.00
832,2017-12-26,7,340.00,385590.00,1145.00,1123.00,1123.00
833,2017-12-24,5,290.00,333440.00,1168.00,1102.00,1168.00
834,2017-12-21,1,50.00,56200.00,1124.00,1124.00,1124.00
835,2017-12-20,7,420.00,473050.00,1169.00,1102.00,1102.00
836,2017-12-19,3,200.00,242000.00,1240.00,1192.00,1192.00
837,2017-12-17,1,10.00,12650.00,1265.00,1265.00,1265.00
838,2017-12-11,1,200.00,258000.00,1290.00,1290.00,1290.00
839,2017-12-05,2,60.00,76970.00,1287.00,1262.00,1287.00
840,2017-12-04,1,20.00,24760.00,1238.00,1238.00,1238.00
841,2017-11-30,23,1450.00,1675960.00,1239.00,1125.00,1215.00
842,2017-11-29,8,150.00,190270.00,1360.00,1249.00,1249.00
843,2017-11-19,21,1205.00,1686845.00,1479.00,1338.00,1387.00
844,2017-11-16,43,4185.00,5644775.00,1355.00,1256.00,1355.00
845,2017-11-15,12,1185.00,1375270.00,1232.00,1100.00,1232.00
846,2017-11-14,1,10.00,11200.00,1120.00,1120.00,1120.00
847,2017-11-13,3,60.00,65940.00,1099.00,1099.00,1099.00
848,2017-11-08,3,80.00,87880.00,1105.00,1078.00,1078.00
849,2017-11-05,1,20.00,22540.00,1127.00,1127.00,1127.00
850,2017-11-02,4,450.00,517100.00,1153.00,1130.00,1150.00
851,2017-11-01,2,20.00,23760.00,1200.00,1176.00,1176.00
852,2017-10-30,2,25.00,30360.00,1224.00,1200.00,1200.00
853,2017-10-29,1,20.00,24000.00,1200.00,1200.00,1200.00
854,2017-10-25,7,440.00,525585.00,1200.00,1180.00,1180.00
855,2017-10-17,7,300.00,365090.00,1273.00,1177.00,1177.00
856,2017-10-11,2,40.00,50710.00,1274.00,1249.00,1249.00
857,2017-10-10,2,100.00,131150.00,1323.00,1300.00,1300.00
858,2017-10-08,1,10.00,13500.00,1350.00,1350.00,1350.00
859,2017-09-18,1,30.00,40500.00,1350.00,1350.00,1350.00
860,2017-09-14,8,400.00,534680.00,1348.00,1322.00,1340.00
861,2017-09-13,4,110.00,142960.00,1323.00,1297.00,1297.00
862,2017-09-11,13,437.00,584340.00,1383.00,1251.00,1350.00
863,2017-09-10,3,50.00,65030.00,1320.00,1275.00,1275.00
864,2017-09-07,12,590.00,790230.00,1383.00,1316.00,1346.00
865,2017-09-06,4,60.00,84140.00,1412.00,1384.00,1411.00
866,2017-09-04,3,150.00,217050.00,1461.00,1440.00,1440.00
867,2017-08-31,16,1580.00,2312340.00,1494.00,1440.00,1490.00
868,2017-08-30,26,1085.00,1663720.00,1650.00,1460.00,1465.00
869,2017-08-28,69,3545.00,5458240.00,1546.00,1434.00,1546.00
870,2017-08-27,5,80.00,108220.00,1406.00,1304.00,1406.00
871,2017-08-24,9,415.00,512555.00,1279.00,1200.00,1279.00
872,2017-08-23,5,1100.00,1329020.00,1209.00,1185.00,1201.00
873,2017-08-22,5,1190.00,1469860.00,1258.00,1233.00,1233.00
874,2017-08-21,7,140.00,182800.00,1335.00,1283.00,1283.00
875,2017-08-20,47,4550.00,6203870.00,1482.00,1361.00,1362.00
876,2017-08-17,5,100.00,155790.00,1637.00,1512.00,1512.00
877,2017-08-16,9,195.00,333060.00,1818.00,1670.00,1670.00
878,2017-08-15,5,50.00,96550.00,2009.00,1855.00,1855.00
879,2017-08-13,12,435.00,867065.00,2050.00,1951.00,2050.00
880,2017-08-10,19,730.00,1412970.00,1980.00,1900.00,1980.00
881,2017-08-09,10,940.00,1834280.00,2001.00,1927.00,1927.00
882,2017-08-07,19,9182.00,13192464.00,2091.00,2010.00,2035.00
883,2017-08-06,29,1660.00,3362190.00,2080.00,1977.00,2050.00
884,2017-08-03,49,2565.00,5252335.00,2111.00,1965.00,2015.00
885,2017-08-02,145,11135.00,24113625.00,2246.00,2000.00,2070.00
886,2017-08-01,10,650.00,1319250.00,2042.00,1894.00,2042.00
887,2017-07-31,9,160.00,290770.00,1857.00,1722.00,1857.00
888,2017-07-30,6,110.00,179690.00,1689.00,1566.00,1689.00
889,2017-07-27,18,1090.00,1657400.00,1536.00,1424.00,1536.00
890,2017-07-26,44,4820.00,6728190.00,1397.00,1295.00,1397.00
891,2017-07-25,7,100.00,123580.00,1270.00,1178.00,1270.00
892,2017-07-24,22,1590.00,1821060.00,1155.00,1071.00,1155.00
893,2017-07-23,12,800.00,829660.00,1050.00,1014.00,1050.00
894,2017-07-20,7,2053.00,2055465.00,1025.00,995.00,1014.00
895,2017-07-19,33,2827.00,2937391.00,1078.00,999.00,1023.00
896,2017-07-18,14,1050.00,1022850.00,980.00,908.00,980.00
897,2017-07-17,15,550.00,483960.00,891.00,826.00,891.00
898,2017-07-16,6,240.00,196650.00,842.00,798.00,810.00
899,2017-07-13,6,210.00,167850.00,810.00,780.00,810.00
900,2017-07-09,1,20.00,15300.00,765.00,765.00,765.00
901,2017-07-06,4,370.00,277400.00,750.00,745.00,750.00
902,2017-07-05,3,580.00,423980.00,731.00,731.00,731.00
903,2017-07-04,3,540.00,402340.00,746.00,745.00,745.00
904,2017-07-03,2,110.00,84330.00,773.00,759.00,759.00
905,2017-06-27,2,250.00,196400.00,788.00,785.00,788.00
906,2017-06-22,1,10.00,7730.00,773.00,773.00,773.00
907,2017-06-21,5,480.00,365200.00,804.00,758.00,758.00
908,2017-06-15,3,260.00,211250.00,821.00,810.00,820.00
909,2017-06-14,3,70.00,56600.00,820.00,804.00,820.00
910,2017-06-13,6,210.00,174740.00,873.00,815.00,820.00
911,2017-06-11,3,120.00,106710.00,894.00,877.00,890.00
912,2017-06-08,1,40.00,34400.00,860.00,860.00,860.00
913,2017-06-07,4,117.00,101317.00,870.00,854.00,870.00
914,2017-06-06,1,100.00,86500.00,865.00,865.00,865.00
915,2017-06-05,4,170.00,150450.00,887.00,870.00,870.00
916,2017-06-04,17,2110.00,1911730.00,951.00,870.00,870.00
917,2017-06-01,12,350.00,292850.00,887.00,800.00,887.00
918,2017-05-31,18,1735.00,1385160.00,841.00,750.00,841.00
919,2017-05-30,1,50.00,38250.00,765.00,765.00,765.00
920,2017-05-28,9,640.00,505310.00,804.00,780.00,780.00
921,2017-05-24,32,3970.00,3245800.00,820.00,760.00,820.00
922,2017-05-23,12,2130.00,1532990.00,746.00,692.00,746.00
923,2017-05-22,5,110.00,72100.00,679.00,641.00,679.00
924,2017-05-21,7,390.00,241400.00,629.00,583.00,629.00
925,2017-05-18,1,70.00,40040.00,572.00,572.00,572.00
926,2017-05-17,2,200.00,116420.00,583.00,582.00,582.00
927,2017-05-15,1,10.00,5880.00,588.00,588.00,588.00
928,2017-05-11,1,200.00,120000.00,600.00,600.00,600.00
929,2017-04-25,3,70.00,42600.00,612.00,600.00,612.00
930,2017-04-24,3,120.00,72220.00,611.00,600.00,611.00
931,2017-04-19,2,110.00,67010.00,610.00,601.00,610.00
932,2017-04-18,2,110.00,63900.00,590.00,580.00,590.00
933,2017-04-16,1,360.00,205200.00,570.00,570.00,570.00
934,2017-04-13,1,360.00,203760.00,566.00,566.00,566.00
935,2017-04-12,8,2840.00,1548330.00,555.00,544.00,555.00
936,2017-04-11,4,2170.00,1171470.00,540.00,538.00,540.00
937,2017-04-09,1,10.00,5480.00,548.00,548.00,548.00
938,2017-03-29,3,250.00,137350.00,559.00,549.00,559.00
939,2017-03-28,1,40.00,21960.00,549.00,549.00,549.00
940,2017-03-23,2,195.00,106870.00,549.00,548.00,549.00
941,2017-03-21,4,180.00,97300.00,550.00,539.00,539.00
942,2017-03-20,6,180.00,97540.00,550.00,539.00,539.00
943,2017-03-19,2,30.00,16830.00,561.00,561.00,561.00
944,2017-03-15,2,290.00,159500.00,550.00,550.00,550.00
945,2017-03-14,2,60.00,32300.00,540.00,530.00,540.00
946,2017-03-13,5,50.00,25200.00,520.00,495.00,520.00
947,2017-03-09,12,1385.00,712550.00,540.00,494.00,494.00
948,2017-03-07,5,300.00,166140.00,570.00,548.00,548.00
949,2017-03-06,2,20.00,11600.00,580.00,580.00,580.00
950,2017-02-21,1,10.00,5910.00,591.00,591.00,591.00
951,2017-02-19,2,400.00,235000.00,590.00,580.00,580.00
952,2017-02-16,1,30.00,17850.00,595.00,595.00,595.00
953,2017-02-14,1,50.00,30000.00,600.00,600.00,600.00
954,2017-02-13,2,100.00,60800.00,608.00,608.00,608.00
955,2017-02-02,3,50.00,30940.00,623.00,611.00,620.00
956,2017-01-23,4,140.00,90760.00,660.00,635.00,635.00
957,2017-01-22,4,200.00,130280.00,660.00,649.00,660.00
958,2017-01-19,9,785.00,493765.00,662.00,625.00,637.00
959,2017-01-18,8,400.00,275420.00,735.00,675.00,675.00
960,2016-12-22,2,40.00,30150.00,765.00,750.00,750.00
961,2016-12-19,2,155.00,120900.00,780.00,780.00,780.00
962,2016-12-18,3,150.00,117490.00,790.00,779.00,780.00
963,2016-12-15,22,1560.00,1233870.00,804.00,745.00,790.00
964,2016-12-14,13,1440.00,1049590.00,731.00,678.00,731.00
965,2016-12-12,8,630.00,416550.00,665.00,617.00,665.00
966,2016-12-11,3,110.00,64900.00,605.00,583.00,605.00
967,2016-12-07,5,100.00,54940.00,572.00,540.00,572.00
968,2016-12-06,2,110.00,58300.00,530.00,530.00,530.00
969,2016-12-05,1,10.00,5200.00,520.00,520.00,520.00
970,2016-12-01,2,200.00,101000.00,510.00,500.00,510.00
971,2016-01-14,7,350.00,173250.00,495.00,495.00,495.00
972,2015-11-29,1,40.00,20200.00,505.00,505.00,505.00
973,2015-11-25,1,100.00,51000.00,510.00,510.00,510.00
974,2015-11-23,1,10.00,5200.00,520.00,520.00,520.00
975,2015-11-10,1,50.00,26500.00,530.00,530.00,530.00
976,2015-10-08,1,200.00,108000.00,540.00,540.00,540.00
977,2015-10-06,4,160.00,87800.00,550.00,540.00,550.00
978,2015-09-24,1,250.00,137250.00,549.00,549.00,549.00
979,2015-09-15,9,530.00,295780.00,575.00,554.00,556.00
980,2015-09-14,14,1415.00,822215.00,595.00,564.00,564.00
981,2015-09-13,2,20.00,11730.00,592.00,581.00,581.00
982,2015-09-10,3,30.00,18480.00,628.00,604.00,604.00
983,2015-09-09,8,270.00,176300.00,676.00,640.00,640.00
984,2015-08-26,2,40.00,28720.00,725.00,711.00,711.00
985,2015-08-20,2,30.00,22170.00,739.00,739.00,739.00
986,2015-07-30,1,20.00,15080.00,754.00,754.00,754.00
987,2015-07-27,1,10.00,7520.00,752.00,752.00,752.00
988,2015-07-23,2,20.00,14620.00,738.00,724.00,738.00
989,2015-07-22,2,20.00,14070.00,710.00,697.00,710.00
990,2015-07-16,3,30.00,20230.00,684.00,663.00,684.00
991,2015-07-14,6,230.00,148550.00,650.00,635.00,650.00
992,2015-07-13,1,10.00,6240.00,624.00,624.00,624.00
993,2015-07-08,9,585.00,339780.00,612.00,569.00,612.00
994,2015-07-06,7,80.00,46300.00,595.00,551.00,585.00
995,2015-07-05,3,570.00,311210.00,555.00,541.00,541.00
996,2015-07-02,2,280.00,158480.00,566.00,566.00,566.00
997,2015-07-01,1,100.00,55500.00,555.00,555.00,555.00
998,2015-06-30,4,1240.00,695770.00,562.00,561.00,562.00
999,2015-06-29,6,1720.00,1004970.00,590.00,569.00,572.00
1000,2015-06-24,2,20.00,12000.00,606.00,594.00,594.00
1001,2015-06-18,1,10.00,6180.00,618.00,618.00,618.00
1002,2015-06-10,1,30.00,18900.00,630.00,630.00,630.00
1003,2015-06-03,3,110.00,70200.00,650.00,637.00,637.00
1004,2015-04-23,1,110.00,70180.00,638.00,638.00,638.00
1005,2015-04-22,3,150.00,93950.00,630.00,625.00,630.00
1006,2015-04-21,4,740.00,478300.00,655.00,642.00,642.00
1007,2015-04-19,4,40.00,26680.00,667.00,667.00,667.00
1008,2015-04-16,2,20.00,13600.00,680.00,680.00,680.00
1009,2015-04-13,3,80.00,55160.00,700.00,686.00,686.00
1010,2015-04-06,1,40.00,28000.00,700.00,700.00,700.00
1011,2015-04-01,1,20.00,14200.00,710.00,710.00,710.00
1012,2015-03-25,9,740.00,521890.00,711.00,700.00,710.00
1013,2015-03-24,3,345.00,243380.00,706.00,705.00,706.00
1014,2015-03-23,7,1310.00,958740.00,755.00,720.00,720.00
1015,2015-03-22,3,2225.00,1568310.00,724.00,700.00,724.00
1016,2015-03-19,5,160.00,108370.00,696.00,670.00,696.00
1017,2015-03-18,6,270.00,181480.00,685.00,647.00,672.00
1018,2015-03-17,2,110.00,72680.00,668.00,660.00,660.00
1019,2015-03-16,1,200.00,131000.00,655.00,655.00,655.00
1020,2015-03-12,2,110.00,72050.00,655.00,655.00,655.00
1021,2015-03-11,4,160.00,102280.00,643.00,631.00,643.00
1022,2015-03-10,1,30.00,18990.00,633.00,633.00,633.00
1023,2015-03-09,3,70.00,44230.00,633.00,631.00,633.00
1024,2015-03-04,3,50.00,31610.00,633.00,631.00,633.00
1025,2015-03-03,9,450.00,288800.00,652.00,632.00,640.00
1026,2015-03-02,27,530.00,334190.00,665.00,621.00,665.00
1027,2015-03-01,1,440.00,275880.00,627.00,627.00,627.00
1028,2015-02-26,17,1630.00,1126200.00,700.00,637.00,637.00
1029,2015-02-22,20,2270.00,1633080.00,720.00,693.00,693.00
1030,2015-02-11,3,70.00,49770.00,721.00,707.00,707.00
1031,2015-02-10,4,340.00,251720.00,749.00,735.00,735.00
1032,2015-02-09,11,540.00,398490.00,749.00,730.00,749.00
1033,2015-02-08,1,30.00,22470.00,749.00,749.00,749.00
1034,2015-02-05,1,500.00,367500.00,735.00,735.00,735.00
1035,2015-02-04,8,2065.00,1525780.00,750.00,735.00,750.00
1036,2015-02-03,16,1865.00,1303970.00,748.00,689.00,748.00
1037,2015-02-02,5,410.00,275340.00,694.00,655.00,694.00
1038,2015-02-01,10,410.00,270840.00,661.00,660.00,660.00
1039,2015-01-29,9,210.00,138810.00,661.00,661.00,661.00
1040,2015-01-28,3,110.00,72730.00,673.00,660.00,673.00
1041,2015-01-27,10,790.00,527570.00,676.00,663.00,666.00
1042,2015-01-26,34,3715.00,2472850.00,715.00,638.00,689.00
1043,2015-01-25,17,1090.00,726120.00,723.00,664.00,664.00
1044,2015-01-22,6,70.00,53490.00,802.00,737.00,737.00
1045,2015-01-19,3,30.00,24070.00,818.00,787.00,818.00
1046,2015-01-14,29,4125.00,3164515.00,772.00,716.00,772.00
1047,2015-01-13,20,3880.00,2717570.00,702.00,651.00,702.00
1048,2015-01-12,4,220.00,136140.00,639.00,603.00,639.00
1049,2015-01-11,6,460.00,259660.00,592.00,549.00,592.00
1050,2015-01-08,17,1430.00,766865.00,539.00,499.00,539.00
1051,2015-01-07,15,2210.00,1064870.00,490.00,450.00,490.00
1052,2015-01-06,29,2480.00,1093720.00,446.00,398.00,446.00
1053,2015-01-05,8,180.00,73800.00,430.00,406.00,406.00
1054,2014-12-28,4,60.00,26870.00,464.00,438.00,438.00
1055,2014-12-21,4,1310.00,632130.00,493.00,473.00,473.00
1056,2014-12-18,4,180.00,85620.00,484.00,469.00,484.00
1057,2014-12-17,5,310.00,142300.00,460.00,455.00,460.00
1058,2014-12-16,7,190.00,87900.00,465.00,456.00,464.00
1059,2014-12-15,8,240.00,104720.00,456.00,424.00,456.00
1060,2014-12-14,17,2450.00,1019120.00,432.00,400.00,432.00
1061,2014-12-11,15,870.00,338210.00,393.00,365.00,393.00
1062,2014-12-10,2,80.00,28500.00,358.00,351.00,358.00
1063,2014-12-09,5,1090.00,372090.00,345.00,327.00,345.00
1064,2014-12-08,3,250.00,79050.00,321.00,309.00,321.00
1065,2014-12-07,1,10.00,3030.00,303.00,303.00,303.00
1066,2014-12-01,1,50.00,14900.00,298.00,298.00,298.00
1067,2014-11-30,2,30.00,8740.00,293.00,288.00,293.00
1068,2014-11-17,4,60.00,16680.00,283.00,268.00,283.00
1069,2014-11-09,2,1450.00,381100.00,263.00,258.00,263.00
1070,2014-11-06,2,20.00,5020.00,253.00,249.00,253.00
1071,2014-11-04,1,60.00,14280.00,238.00,238.00,238.00
1072,2014-11-02,3,60.00,13800.00,234.00,226.00,234.00
1073,2014-10-30,1,20.00,4440.00,222.00,222.00,222.00
1074,2014-10-13,1,30.00,6660.00,222.00,222.00,222.00
1075,2014-09-29,1,500.00,109000.00,218.00,218.00,218.00
1076,2014-09-28,2,70.00,15180.00,218.00,214.00,218.00
1077,2014-09-09,3,60.00,12360.00,210.00,202.00,210.00
1078,2014-09-01,1,4470.00,889530.00,199.00,199.00,199.00
1079,2014-08-18,2,40.00,7900.00,199.00,196.00,199.00
1080,2014-08-12,2,20.00,3860.00,193.00,193.00,193.00
1081,2014-08-06,1,50.00,9650.00,193.00,193.00,193.00
1082,2014-08-05,2,180.00,34200.00,190.00,190.00,190.00
1083,2014-08-03,1,50.00,9350.00,187.00,187.00,187.00
1084,2014-07-23,2,30.00,5520.00,184.00,184.00,184.00
1085,2014-07-22,4,710.00,124550.00,181.00,174.00,181.00
1086,2014-07-08,5,100.00,16500.00,171.00,159.00,171.00
1087,2014-07-01,1,20.00,3120.00,156.00,156.00,156.00
1088,2014-06-25,5,60.00,8940.00,153.00,144.00,153.00
1089,2014-06-19,1,20.00,2840.00,142.00,142.00,142.00
1090,2014-06-17,3,30.00,4140.00,140.00,136.00,0.00
1091,2014-05-08,3,1750.00,232300.00,134.00,130.00,134.00
1092,2014-04-29,2,1050.00,134300.00,128.00,126.00,128.00
1093,2014-04-27,3,400.00,48800.00,124.00,120.00,124.00
1094,2014-04-23,1,100.00,11800.00,118.00,118.00,118.00
1095,2014-04-17,2,1020.00,118280.00,116.00,114.00,116.00
1096,2014-04-09,1,20.00,2240.00,112.00,112.00,112.00
1097,2014-04-03,9,100.00,10600.00,110.00,102.00,110.00
1098,2014-04-02,1,100.00,10000.00,100.00,100.00,100.00
1099,2014-03-27,1,59000.00,5900000.00,100.00,100.00,100.00
1100,2014-03-24,1,60.00,6000.00,100.00,100.00,100.00
1101,2013-12-03,1,100.00,9900.00,99.00,99.00,99.00
1102,2013-10-31,4,40.00,3920.00,98.00,98.00,98.00
1103,2013-10-22,5,70.00,7000.00,100.00,100.00,100.00
1104,2013-10-07,1,400.00,39600.00,99.00,99.00,99.00
1105,2013-08-11,6,150.00,14700.00,98.00,98.00,98.00
1106,2013-08-04,2,120.00,12000.00,100.00,100.00,100.00
1107,2013-08-01,1,609080.00,60908000.00,100.00,100.00,100.00
1108,2013-07-09,3,310.00,31000.00,100.00,100.00,100.00
1109,2013-07-08,6,11240.00,1123940.00,101.00,99.00,100.00
1110,2013-07-07,5,80.00,7780.00,98.00,97.00,98.00
1111,2013-05-20,2,70.00,6740.00,97.00,96.00,96.00
1112,2013-02-05,2,330.00,32340.00,98.00,98.00,98.00
1113,2012-09-18,1,20.00,2000.00,100.00,100.00,100.00
1114,2012-08-01,2,70.00,6930.00,99.00,99.00,99.00
1115,2012-07-16,1,50.00,5000.00,100.00,100.00,100.00
1116,2012-07-08,7,13810.00,1381000.00,100.00,100.00,100.00
1117,2012-04-30,8,5730.00,572650.00,100.00,98.00,100.00
1118,2012-03-20,3,40.00,3960.00,99.00,99.00,99.00
1119,2012-02-07,2,20.00,1980.00,99.00,99.00,99.00
1120,2011-12-18,5,50.00,5000.00,100.00,100.00,100.00
1121,2011-12-14,14,1550.00,155000.00,100.00,100.00,100.00
1122,2011-12-13,1,50.00,5000.00,100.00,100.00,100.00
1123,2011-12-11,13,8540.00,854000.00,100.00,100.00,100.00
1124,2011-12-07,5,240.00,24000.00,100.00,100.00,100.00
1125,2011-12-05,1,30.00,2970.00,99.00,99.00,99.00
1126,2011-11-23,1,145320.00,14677320.00,101.00,101.00,101.00
1127,2011-11-22,3,12180.00,1218000.00,100.00,100.00,100.00
1128,2011-11-21,3,44965.00,4496500.00,100.00,100.00,100.00
1129,2011-11-17,1,13415.00,1341500.00,100.00,100.00,100.00
1130,2011-11-16,4,5020.00,502000.00,100.00,100.00,100.00
1131,2011-11-13,5,460.00,46000.00,100.00,100.00,100.00
1132,2011-11-10,10,208360.00,20813645.00,100.00,99.00,100.00
1133,2011-11-08,4,9120.00,911680.00,100.00,98.00,100.00
1134,2011-11-03,1,11180.00,1118000.00,100.00,100.00,100.00
1135,2011-10-31,5,56120.00,5611890.00,100.00,99.00,100.00
1136,2011-10-30,2,200.00,19600.00,98.00,98.00,98.00
1137,2011-10-25,2,29060.00,2906000.00,100.00,100.00,100.00
1138,2011-10-24,1,44710.00,4471000.00,100.00,100.00,100.00
1139,2010-08-08,1,10.00,1000.00,100.00,100.00,100.00
1140,2010-08-05,8,80.00,8000.00,100.00,100.00,100.00
1141,2010-06-07,3,357720.00,35772020.00,101.00,100.00,100.00
